,Player,Year,Age,TS%,PTM,ASTM,ORBM,STLM,BLKM,TOVM,USG%,FG%,2P%,3P%,FT%,PTS,year_start,year_end,position,height,weight,birth_date,college,C,PF,PG,PG-SG,SF,SF-SG,SG,SG-PG,Team
0,Allen Iverson,1999-00,24.0,0.496,28.414285714285715,4.685714285714286,1.0142857142857142,2.057142857142857,0.07142857142857142,3.2857142857142856,34.4,0.421,0.435,0.341,0.713,1989.0,1997,2010,G,182.88,165.0,"June 7, 1975",Georgetown University,0,0,0,0,0,0,1,0,PHI
1,Allen Iverson,2000-01,25.0,0.518,31.08450704225352,4.577464788732394,0.704225352112676,2.507042253521127,0.28169014084507044,3.3380281690140845,35.9,0.42,0.441,0.32,0.814,2207.0,1997,2010,G,182.88,165.0,"June 7, 1975",Georgetown University,0,0,0,0,0,0,1,0,PHI
2,Allen Iverson,2001-02,26.0,0.489,31.383333333333333,5.516666666666667,0.7333333333333333,2.8,0.21666666666666667,3.95,37.8,0.398,0.419,0.291,0.812,1883.0,1997,2010,G,182.88,165.0,"June 7, 1975",Georgetown University,0,0,0,0,0,0,1,0,PHI
3,Allen Iverson,2002-03,27.0,0.5,27.585365853658537,5.536585365853658,0.8292682926829268,2.7439024390243905,0.15853658536585366,3.4878048780487805,32.9,0.414,0.44,0.277,0.774,2262.0,1997,2010,G,182.88,165.0,"June 7, 1975",Georgetown University,0,0,0,0,0,0,1,0,PHI
4,Allen Iverson,2003-04,28.0,0.478,26.375,6.75,0.7083333333333334,2.3958333333333335,0.10416666666666667,4.354166666666667,35.3,0.387,0.408,0.286,0.745,1266.0,1997,2010,G,182.88,165.0,"June 7, 1975",Georgetown University,0,0,0,0,0,0,1,0,PHI
5,Allen Iverson,2004-05,29.0,0.532,30.69333333333333,7.946666666666666,0.68,2.4,0.12,4.586666666666667,35.0,0.424,0.451,0.308,0.835,2302.0,1997,2010,G,182.88,165.0,"June 7, 1975",Georgetown University,0,0,1,0,0,0,0,0,PHI
6,Allen Iverson,2005-06,30.0,0.543,33.013888888888886,7.388888888888889,0.6111111111111112,1.9444444444444444,0.1388888888888889,3.4444444444444446,35.8,0.447,0.465,0.323,0.814,2377.0,1997,2010,G,182.88,165.0,"June 7, 1975",Georgetown University,0,0,1,0,0,0,0,0,PHI
9,Allen Iverson,2006-07,31.0,0.538,27.437435897435893,7.215555555555556,0.38017094017094016,1.9641025641025642,0.16888888888888887,4.187692307692308,31.03333333333333,0.4363333333333333,0.4606666666666667,0.296,0.8130000000000001,1139.3333333333333,1997,2010,G,182.88,165.0,"June 7, 1975",Georgetown University,0,0,0,0,0,0,0,1,DEN
10,Allen Iverson,2007-08,32.0,0.567,26.390243902439025,7.146341463414634,0.573170731707317,1.951219512195122,0.14634146341463414,2.9878048780487805,26.7,0.458,0.482,0.345,0.809,2164.0,1997,2010,G,182.88,165.0,"June 7, 1975",Georgetown University,0,0,0,0,0,0,1,0,DEN
13,Allen Iverson,2008-09,33.0,0.5183333333333334,17.837231968810915,5.500649772579597,0.6754385964912281,1.3726445743989604,0.1770630279402209,2.804418453541261,24.566666666666666,0.42766666666666664,0.45566666666666666,0.27299999999999996,0.7623333333333333,663.3333333333334,1997,2010,G,182.88,165.0,"June 7, 1975",Georgetown University,0,0,0,1,0,0,0,0,DET
16,Allen Iverson,2009-10,34.0,0.5379999999999999,13.334444444444443,3.9274603174603175,0.5015873015873016,0.5773015873015873,0.05047619047619047,2.2996825396825398,23.599999999999998,0.4746666666666666,0.4736666666666667,0.5643333333333334,0.706,256.6666666666667,1997,2010,G,182.88,165.0,"June 7, 1975",Georgetown University,0,0,0,0,0,0,0,1,PHI
17,Chris Webber,1999-00,26.0,0.53,24.453333333333333,4.6,2.52,1.6,1.7066666666666668,2.9066666666666667,28.2,0.483,0.496,0.284,0.751,1834.0,1994,2008,F-C,210.312,245.0,"March 1, 1973",University of Michigan,0,1,0,0,0,0,0,0,SAC
18,Chris Webber,2000-01,27.0,0.516,27.114285714285714,4.2,2.557142857142857,1.3285714285714285,1.6857142857142857,2.7857142857142856,31.6,0.481,0.488,0.071,0.703,1898.0,1994,2008,F-C,210.312,245.0,"March 1, 1973",University of Michigan,0,1,0,0,0,0,0,0,SAC
19,Chris Webber,2001-02,28.0,0.54,24.48148148148148,4.777777777777778,2.7777777777777777,1.6666666666666667,1.4074074074074074,2.925925925925926,29.0,0.495,0.499,0.263,0.749,1322.0,1994,2008,F-C,210.312,245.0,"March 1, 1973",University of Michigan,0,1,0,0,0,0,0,0,SAC
20,Chris Webber,2002-03,29.0,0.485,23.01492537313433,5.432835820895522,2.388059701492537,1.5820895522388059,1.3134328358208955,3.208955223880597,30.4,0.461,0.465,0.238,0.607,1542.0,1994,2008,F-C,210.312,245.0,"March 1, 1973",University of Michigan,0,1,0,0,0,0,0,0,SAC
21,Chris Webber,2003-04,30.0,0.456,18.695652173913043,4.565217391304348,2.0869565217391304,1.3478260869565217,0.8695652173913043,2.608695652173913,28.9,0.413,0.416,0.2,0.711,430.0,1994,2008,F-C,210.312,245.0,"March 1, 1973",University of Michigan,0,1,0,0,0,0,0,0,SAC
24,Chris Webber,2004-05,31.0,0.46199999999999997,18.79081816589928,4.455795556379592,1.8993541608726554,1.3731137274291072,0.8116457052213054,2.647018530535727,28.96666666666667,0.4243333333333334,0.428,0.329,0.7896666666666667,870.6666666666666,1994,2008,F-C,210.312,245.0,"March 1, 1973",University of Michigan,0,1,0,0,0,0,0,0,PHI
25,Chris Webber,2005-06,32.0,0.482,20.24,3.4133333333333336,2.453333333333333,1.3733333333333333,0.8266666666666667,2.4266666666666667,27.7,0.434,0.443,0.273,0.756,1518.0,1994,2008,F-C,210.312,245.0,"March 1, 1973",University of Michigan,0,1,0,0,0,0,0,0,PHI
28,Chris Webber,2006-07,33.0,0.4703333333333333,11.171813445164569,3.141448158032222,2.037199418251648,0.986783581141187,0.7033718812216715,1.7694539755157368,21.566666666666666,0.4426666666666667,0.444,0.36566666666666664,0.639,456.0,1994,2008,F-C,210.312,245.0,"March 1, 1973",University of Michigan,0,1,0,0,0,0,0,0,DET
29,Chris Webber,2007-08,34.0,0.482,3.888888888888889,2.0,0.2222222222222222,0.4444444444444444,0.6666666666666666,1.2222222222222223,15.8,0.484,0.484,,0.417,35.0,1994,2008,F-C,210.312,245.0,"March 1, 1973",University of Michigan,0,1,0,0,0,0,0,0,GSW
30,Dirk Nowitzki,1999-00,21.0,0.564,17.5,2.475609756097561,1.2439024390243902,0.7682926829268293,0.8292682926829268,1.7195121951219512,21.2,0.461,0.491,0.379,0.83,1435.0,1999,2018,F,213.36,245.0,"June 19, 1978",,0,1,0,0,0,0,0,0,DAL
31,Dirk Nowitzki,2000-01,22.0,0.601,21.75609756097561,2.1097560975609757,1.451219512195122,0.9634146341463414,1.2317073170731707,1.9024390243902438,23.8,0.474,0.513,0.387,0.838,1784.0,1999,2018,F,213.36,245.0,"June 19, 1978",,0,1,0,0,0,0,0,0,DAL
32,Dirk Nowitzki,2001-02,23.0,0.599,23.407894736842106,2.4473684210526314,1.5789473684210527,1.0921052631578947,1.013157894736842,1.9078947368421053,25.5,0.477,0.508,0.397,0.853,1779.0,1999,2018,F,213.36,245.0,"June 19, 1978",,1,0,0,0,0,0,0,0,DAL
33,Dirk Nowitzki,2002-03,24.0,0.581,25.1375,2.9875,1.0125,1.3875,1.025,1.9,27.4,0.463,0.493,0.379,0.881,2011.0,1999,2018,F,213.36,245.0,"June 19, 1978",,0,1,0,0,0,0,0,0,DAL
34,Dirk Nowitzki,2003-04,25.0,0.561,21.818181818181817,2.688311688311688,1.1688311688311688,1.1948051948051948,1.3506493506493507,1.7532467532467533,24.5,0.462,0.496,0.341,0.877,1680.0,1999,2018,F,213.36,245.0,"June 19, 1978",,1,0,0,0,0,0,0,0,DAL
35,Dirk Nowitzki,2004-05,26.0,0.578,26.05128205128205,3.076923076923077,1.2307692307692308,1.2435897435897436,1.5256410256410255,2.2564102564102564,28.7,0.459,0.47,0.399,0.869,2032.0,1999,2018,F,213.36,245.0,"June 19, 1978",,0,1,0,0,0,0,0,0,DAL
36,Dirk Nowitzki,2005-06,27.0,0.589,26.555555555555557,2.7901234567901234,1.4197530864197532,0.7160493827160493,1.0246913580246915,1.9259259259259258,30.0,0.48,0.496,0.406,0.901,2151.0,1999,2018,F,213.36,245.0,"June 19, 1978",,0,1,0,0,0,0,0,0,DAL
37,Dirk Nowitzki,2006-07,28.0,0.605,24.564102564102566,3.371794871794872,1.564102564102564,0.6666666666666666,0.7948717948717948,2.141025641025641,28.9,0.502,0.515,0.416,0.904,1916.0,1999,2018,F,213.36,245.0,"June 19, 1978",,0,1,0,0,0,0,0,0,DAL
38,Dirk Nowitzki,2007-08,29.0,0.585,23.5974025974026,3.4545454545454546,1.2337662337662338,0.6623376623376623,0.922077922077922,2.0779220779220777,28.8,0.479,0.504,0.359,0.879,1817.0,1999,2018,F,213.36,245.0,"June 19, 1978",,0,1,0,0,0,0,0,0,DAL
39,Dirk Nowitzki,2008-09,30.0,0.564,25.85185185185185,2.432098765432099,1.0864197530864197,0.7530864197530864,0.7777777777777778,1.9382716049382716,30.3,0.479,0.493,0.359,0.89,2094.0,1999,2018,F,213.36,245.0,"June 19, 1978",,0,1,0,0,0,0,0,0,DAL
40,Dirk Nowitzki,2009-10,31.0,0.578,25.02469135802469,2.691358024691358,0.9876543209876543,0.8641975308641975,0.9753086419753086,1.8395061728395061,28.8,0.481,0.487,0.421,0.915,2027.0,1999,2018,F,213.36,245.0,"June 19, 1978",,0,1,0,0,0,0,0,0,DAL
41,Dirk Nowitzki,2010-11,32.0,0.612,23.027397260273972,2.6027397260273974,0.684931506849315,0.5205479452054794,0.6438356164383562,1.8767123287671232,28.2,0.517,0.538,0.393,0.892,1681.0,1999,2018,F,213.36,245.0,"June 19, 1978",,0,1,0,0,0,0,0,0,DAL
42,Dirk Nowitzki,2011-12,33.0,0.564,21.64516129032258,2.193548387096774,0.7419354838709677,0.6774193548387096,0.4838709677419355,1.8870967741935485,29.2,0.457,0.481,0.368,0.896,1342.0,1999,2018,F,213.36,245.0,"June 19, 1978",,0,1,0,0,0,0,0,0,DAL
43,Dirk Nowitzki,2012-13,34.0,0.564,17.30188679245283,2.490566037735849,0.6981132075471698,0.7169811320754716,0.6981132075471698,1.320754716981132,24.2,0.471,0.487,0.414,0.86,917.0,1999,2018,F,213.36,245.0,"June 19, 1978",,0,1,0,0,0,0,0,0,DAL
44,Dirk Nowitzki,2013-14,35.0,0.603,21.6875,2.7,0.5,0.9125,0.5625,1.4625,26.9,0.497,0.532,0.398,0.899,1735.0,1999,2018,F,213.36,245.0,"June 19, 1978",,0,1,0,0,0,0,0,0,DAL
45,Dirk Nowitzki,2014-15,36.0,0.56,17.31168831168831,1.8571428571428572,0.5714285714285714,0.5064935064935064,0.42857142857142855,1.0649350649350648,24.9,0.459,0.486,0.38,0.882,1333.0,1999,2018,F,213.36,245.0,"June 19, 1978",,0,1,0,0,0,0,0,0,DAL
46,Dirk Nowitzki,2015-16,37.0,0.555,18.293333333333333,1.76,0.6933333333333334,0.6933333333333334,0.6933333333333334,1.12,25.5,0.448,0.483,0.368,0.893,1372.0,1999,2018,F,213.36,245.0,"June 19, 1978",,0,1,0,0,0,0,0,0,DAL
47,Dirk Nowitzki,2016-17,38.0,0.529,14.24074074074074,1.5185185185185186,0.42592592592592593,0.5555555555555556,0.7037037037037037,0.9444444444444444,25.8,0.437,0.463,0.378,0.875,769.0,1999,2018,F,213.36,245.0,"June 19, 1978",,0,1,0,0,0,0,0,0,DAL
48,Dirk Nowitzki,2017-18,39.0,0.575,12.03896103896104,1.5584415584415585,0.2857142857142857,0.5584415584415584,0.5844155844155844,0.6623376623376623,20.5,0.456,0.494,0.409,0.898,927.0,1999,2018,F,213.36,245.0,"June 19, 1978",,1,0,0,0,0,0,0,0,DAL
49,Dirk Nowitzki,2018-19,40.0,0.469,7.313725490196078,0.6862745098039216,0.09803921568627451,0.17647058823529413,0.35294117647058826,0.35294117647058826,22.5,0.359,0.415,0.312,0.78,373.0,1999,2018,F,213.36,245.0,"June 19, 1978",,0,1,0,0,0,0,0,0,DAL
50,Dwight Howard,2004-05,19.0,0.571,11.963414634146341,0.9146341463414634,3.5,0.9390243902439024,1.6585365853658536,2.0121951219512195,16.7,0.52,0.521,0.0,0.671,981.0,2005,2018,C,186.23280000000003,265.0,"December 8, 1985",,0,1,0,0,0,0,0,0,ORL
51,Dwight Howard,2005-06,20.0,0.565,15.75609756097561,1.524390243902439,3.5121951219512195,0.7926829268292683,1.4024390243902438,2.6463414634146343,21.3,0.531,0.532,0.0,0.595,1292.0,2005,2018,C,186.23280000000003,265.0,"December 8, 1985",,0,1,0,0,0,0,0,0,ORL
52,Dwight Howard,2006-07,21.0,0.619,17.597560975609756,1.9268292682926829,3.451219512195122,0.8536585365853658,1.9024390243902438,3.8658536585365852,22.7,0.603,0.603,0.5,0.586,1443.0,2005,2018,C,186.23280000000003,265.0,"December 8, 1985",,1,0,0,0,0,0,0,0,ORL
53,Dwight Howard,2007-08,22.0,0.619,20.670731707317074,1.3414634146341464,3.402439024390244,0.9024390243902439,2.1463414634146343,3.207317073170732,24.2,0.599,0.601,0.0,0.59,1695.0,2005,2018,C,186.23280000000003,265.0,"December 8, 1985",,1,0,0,0,0,0,0,0,ORL
54,Dwight Howard,2008-09,23.0,0.6,20.556962025316455,1.4177215189873418,4.253164556962025,0.9746835443037974,2.9240506329113924,3.037974683544304,26.1,0.572,0.573,0.0,0.594,1624.0,2005,2018,C,186.23280000000003,265.0,"December 8, 1985",,1,0,0,0,0,0,0,0,ORL
55,Dwight Howard,2009-10,24.0,0.63,18.329268292682926,1.7560975609756098,3.4634146341463414,0.9146341463414634,2.7804878048780486,3.341463414634146,23.9,0.612,0.617,0.0,0.592,1503.0,2005,2018,C,186.23280000000003,265.0,"December 8, 1985",,1,0,0,0,0,0,0,0,ORL
56,Dwight Howard,2010-11,25.0,0.616,22.871794871794872,1.3717948717948718,3.9615384615384617,1.3717948717948718,2.3846153846153846,3.576923076923077,27.2,0.593,0.597,0.0,0.596,1784.0,2005,2018,C,186.23280000000003,265.0,"December 8, 1985",,1,0,0,0,0,0,0,0,ORL
57,Dwight Howard,2011-12,26.0,0.569,20.61111111111111,1.9259259259259258,3.7037037037037037,1.5,2.1481481481481484,3.240740740740741,26.1,0.573,0.579,0.0,0.491,1113.0,2005,2018,C,186.23280000000003,265.0,"December 8, 1985",,1,0,0,0,0,0,0,0,ORL
58,Dwight Howard,2012-13,27.0,0.573,17.05263157894737,1.4210526315789473,3.3026315789473686,1.105263157894737,2.4473684210526314,2.960526315789474,22.2,0.578,0.581,0.167,0.492,1296.0,2005,2018,C,186.23280000000003,265.0,"December 8, 1985",,1,0,0,0,0,0,0,0,LAL
59,Dwight Howard,2013-14,28.0,0.6,18.267605633802816,1.8450704225352113,3.2535211267605635,0.8450704225352113,1.8028169014084507,3.2253521126760565,24.0,0.591,0.594,0.286,0.547,1297.0,2005,2018,C,186.23280000000003,265.0,"December 8, 1985",,1,0,0,0,0,0,0,0,HOU
60,Dwight Howard,2014-15,29.0,0.596,15.75609756097561,1.2195121951219512,2.682926829268293,0.6829268292682927,1.2926829268292683,2.8048780487804876,23.3,0.593,0.594,0.5,0.528,646.0,2005,2018,C,186.23280000000003,265.0,"December 8, 1985",,1,0,0,0,0,0,0,0,HOU
61,Dwight Howard,2015-16,30.0,0.604,13.746478873239436,1.380281690140845,3.352112676056338,0.971830985915493,1.591549295774648,2.3380281690140845,18.4,0.62,0.626,0.0,0.489,976.0,2005,2018,C,186.23280000000003,265.0,"December 8, 1985",,1,0,0,0,0,0,0,0,HOU
62,Dwight Howard,2016-17,31.0,0.627,13.54054054054054,1.4054054054054055,4.0,0.8648648648648649,1.2432432432432432,2.2972972972972974,19.2,0.633,0.635,0.0,0.533,1002.0,2005,2018,C,186.23280000000003,265.0,"December 8, 1985",,1,0,0,0,0,0,0,0,ATL
63,Dwight Howard,2017-18,32.0,0.577,16.62962962962963,1.2962962962962963,3.1481481481481484,0.5925925925925926,1.617283950617284,2.567901234567901,24.2,0.555,0.559,0.143,0.574,1347.0,2005,2018,C,186.23280000000003,265.0,"December 8, 1985",,1,0,0,0,0,0,0,0,CHO
64,Dwight Howard,2018-19,33.0,0.638,12.777777777777779,0.4444444444444444,2.6666666666666665,0.7777777777777778,0.4444444444444444,1.7777777777777777,19.6,0.623,0.623,,0.604,115.0,2005,2018,C,186.23280000000003,265.0,"December 8, 1985",,1,0,0,0,0,0,0,0,WAS
65,Dwight Howard,2019-20,34.0,0.696,7.492753623188406,0.6521739130434783,2.4927536231884058,0.4492753623188406,1.144927536231884,1.2173913043478262,14.7,0.729,0.732,0.6,0.514,517.0,2005,2018,C,186.23280000000003,265.0,"December 8, 1985",,1,0,0,0,0,0,0,0,LAL
66,Dwyane Wade,2003-04,22.0,0.53,16.24590163934426,4.508196721311475,1.3934426229508197,1.4098360655737705,0.5573770491803278,3.2131147540983607,25.0,0.465,0.477,0.302,0.747,991.0,2004,2018,G,195.072,220.0,"January 17, 1982",Marquette University,0,0,1,0,0,0,0,0,MIA
67,Dwyane Wade,2004-05,23.0,0.561,24.07792207792208,6.753246753246753,1.4285714285714286,1.5714285714285714,1.0649350649350648,4.1688311688311686,30.9,0.478,0.485,0.289,0.762,1854.0,2004,2018,G,195.072,220.0,"January 17, 1982",Marquette University,0,0,0,0,0,0,1,0,MIA
68,Dwyane Wade,2005-06,24.0,0.577,27.2,6.706666666666667,1.4266666666666667,1.9466666666666668,0.7733333333333333,3.5733333333333333,32.5,0.495,0.513,0.171,0.783,2040.0,2004,2018,G,195.072,220.0,"January 17, 1982",Marquette University,0,0,0,0,0,0,1,0,MIA
69,Dwyane Wade,2006-07,25.0,0.583,27.392156862745097,7.529411764705882,1.0,2.0980392156862746,1.2156862745098038,4.235294117647059,34.7,0.491,0.511,0.266,0.807,1397.0,2004,2018,G,195.072,220.0,"January 17, 1982",Marquette University,0,0,0,0,0,0,1,0,MIA
70,Dwyane Wade,2007-08,26.0,0.549,24.58823529411765,6.9411764705882355,0.8823529411764706,1.7058823529411764,0.7254901960784313,4.392156862745098,33.1,0.469,0.485,0.286,0.758,1254.0,2004,2018,G,195.072,220.0,"January 17, 1982",Marquette University,0,0,0,0,0,0,1,0,MIA
71,Dwyane Wade,2008-09,27.0,0.574,30.20253164556962,7.455696202531645,1.1265822784810127,2.189873417721519,1.3417721518987342,3.4430379746835444,36.2,0.491,0.524,0.317,0.765,2386.0,2004,2018,G,195.072,220.0,"January 17, 1982",Marquette University,0,0,0,0,0,0,1,0,MIA
72,Dwyane Wade,2009-10,28.0,0.562,26.558441558441558,6.5064935064935066,1.3896103896103895,1.844155844155844,1.0649350649350648,3.272727272727273,34.9,0.476,0.509,0.3,0.761,2045.0,2004,2018,G,195.072,220.0,"January 17, 1982",Marquette University,0,0,0,0,0,0,1,0,MIA
73,Dwyane Wade,2010-11,29.0,0.581,25.539473684210527,4.552631578947368,1.618421052631579,1.4605263157894737,1.144736842105263,3.1184210526315788,31.6,0.5,0.534,0.306,0.758,1941.0,2004,2018,G,195.072,220.0,"January 17, 1982",Marquette University,0,0,0,0,0,0,1,0,MIA
74,Dwyane Wade,2011-12,30.0,0.559,22.081632653061224,4.591836734693878,1.489795918367347,1.6734693877551021,1.2857142857142858,2.63265306122449,31.3,0.497,0.513,0.268,0.791,1082.0,2004,2018,G,195.072,220.0,"January 17, 1982",Marquette University,0,0,0,0,0,0,1,0,MIA
75,Dwyane Wade,2012-13,31.0,0.571,21.202898550724637,5.101449275362318,1.2463768115942029,1.855072463768116,0.8115942028985508,2.8115942028985508,29.5,0.521,0.537,0.258,0.725,1463.0,2004,2018,G,195.072,220.0,"January 17, 1982",Marquette University,0,0,0,0,0,0,1,0,MIA
76,Dwyane Wade,2013-14,32.0,0.588,19.037037037037038,4.666666666666667,1.1111111111111112,1.462962962962963,0.5370370370370371,2.9814814814814814,27.9,0.545,0.557,0.281,0.733,1028.0,2004,2018,G,195.072,220.0,"January 17, 1982",Marquette University,0,0,0,0,0,0,1,0,MIA
77,Dwyane Wade,2014-15,33.0,0.534,21.467741935483872,4.82258064516129,0.9354838709677419,1.1774193548387097,0.3387096774193548,3.370967741935484,34.7,0.47,0.489,0.284,0.768,1331.0,2004,2018,G,195.072,220.0,"January 17, 1982",Marquette University,0,0,0,0,0,0,1,0,MIA
78,Dwyane Wade,2015-16,34.0,0.517,19.04054054054054,4.648648648648648,1.1081081081081081,1.0675675675675675,0.5675675675675675,2.7432432432432434,31.6,0.456,0.468,0.159,0.793,1409.0,2004,2018,G,195.072,220.0,"January 17, 1982",Marquette University,0,0,0,0,0,0,1,0,MIA
79,Dwyane Wade,2016-17,35.0,0.508,18.266666666666666,3.816666666666667,1.0666666666666667,1.4333333333333333,0.6833333333333333,2.3,29.6,0.434,0.456,0.31,0.794,1096.0,2004,2018,G,195.072,220.0,"January 17, 1982",Marquette University,0,0,0,0,0,0,1,0,CHI
82,Dwyane Wade,2017-18,36.0,0.49466666666666664,11.523361453601558,3.3472338102448425,0.7059680891608212,0.9094177147389347,0.7038101418373969,2.1250888415067517,27.066666666666666,0.434,0.46466666666666673,0.27899999999999997,0.7200000000000001,510.0,2004,2018,G,195.072,220.0,"January 17, 1982",Marquette University,0,0,0,0,0,0,1,0,MIA
83,Dwyane Wade,2018-19,37.0,0.51,15.041666666666666,4.180555555555555,0.9583333333333334,0.8194444444444444,0.5277777777777778,2.3055555555555554,27.9,0.433,0.472,0.33,0.708,1083.0,2004,2018,G,195.072,220.0,"January 17, 1982",Marquette University,0,0,0,0,0,0,1,0,MIA
84,Giannis Antetokounmpo,2013-14,19.0,0.518,6.818181818181818,1.948051948051948,1.0129870129870129,0.7792207792207793,0.7922077922077922,1.5844155844155845,15.0,0.414,0.44,0.347,0.683,525.0,2014,2018,F-G,186.23280000000003,222.0,"December 6, 1994",,0,0,0,0,1,0,0,0,MIL
85,Giannis Antetokounmpo,2014-15,20.0,0.552,12.716049382716049,2.5555555555555554,1.2345679012345678,0.9012345679012346,1.0493827160493827,2.1358024691358026,19.6,0.491,0.511,0.159,0.741,1030.0,2014,2018,F-G,186.23280000000003,222.0,"December 6, 1994",,0,0,0,0,0,0,1,0,MIL
86,Giannis Antetokounmpo,2015-16,21.0,0.566,16.875,4.3125,1.4125,1.175,1.4125,2.6,22.3,0.506,0.537,0.257,0.724,1350.0,2014,2018,F-G,186.23280000000003,222.0,"December 6, 1994",,0,0,1,0,0,0,0,0,MIL
87,Giannis Antetokounmpo,2016-17,22.0,0.599,22.9,5.425,1.775,1.6375,1.8875,2.925,28.3,0.521,0.563,0.272,0.77,1832.0,2014,2018,F-G,186.23280000000003,222.0,"December 6, 1994",,0,0,0,0,1,0,0,0,MIL
88,Giannis Antetokounmpo,2017-18,23.0,0.598,26.85333333333333,4.8133333333333335,2.08,1.4533333333333334,1.4133333333333333,2.973333333333333,31.2,0.529,0.554,0.307,0.76,2014.0,2014,2018,F-G,186.23280000000003,222.0,"December 6, 1994",,0,1,0,0,0,0,0,0,MIL
89,Giannis Antetokounmpo,2018-19,24.0,0.644,27.694444444444443,5.888888888888889,2.2083333333333335,1.2777777777777777,1.5277777777777777,3.7222222222222223,32.3,0.578,0.641,0.256,0.729,1994.0,2014,2018,F-G,186.23280000000003,222.0,"December 6, 1994",,0,1,0,0,0,0,0,0,MIL
90,Giannis Antetokounmpo,2019-20,25.0,0.613,29.476190476190474,5.619047619047619,2.2222222222222223,0.9682539682539683,1.0476190476190477,3.6507936507936507,37.5,0.553,0.631,0.304,0.633,1857.0,2014,2018,F-G,186.23280000000003,222.0,"December 6, 1994",,0,1,0,0,0,0,0,0,MIL
91,James Harden,2009-10,20.0,0.551,9.907894736842104,1.8026315789473684,0.618421052631579,1.0526315789473684,0.2631578947368421,1.394736842105263,20.4,0.403,0.424,0.375,0.808,753.0,2010,2018,G,198.12,220.0,"August 26, 1989",Arizona State University,0,0,0,0,0,0,1,0,OKC
92,James Harden,2010-11,21.0,0.598,12.170731707317072,2.1463414634146343,0.5121951219512195,1.1219512195121952,0.2926829268292683,1.2926829268292683,19.5,0.436,0.514,0.349,0.843,998.0,2010,2018,G,198.12,220.0,"August 26, 1989",Arizona State University,0,0,0,0,0,0,1,0,OKC
93,James Harden,2011-12,22.0,0.66,16.838709677419356,3.693548387096774,0.4838709677419355,1.0,0.24193548387096775,2.2096774193548385,21.6,0.491,0.579,0.39,0.846,1044.0,2010,2018,G,198.12,220.0,"August 26, 1989",Arizona State University,0,0,0,0,0,0,1,0,OKC
94,James Harden,2012-13,23.0,0.6,25.935897435897434,5.833333333333333,0.7948717948717948,1.8205128205128205,0.48717948717948717,3.782051282051282,29.0,0.438,0.477,0.368,0.851,2023.0,2010,2018,G,198.12,220.0,"August 26, 1989",Arizona State University,0,0,0,0,0,0,1,0,HOU
95,James Harden,2013-14,24.0,0.618,25.356164383561644,6.109589041095891,0.8356164383561644,1.5753424657534247,0.3972602739726027,3.6301369863013697,27.8,0.456,0.515,0.366,0.866,1851.0,2010,2018,G,198.12,220.0,"August 26, 1989",Arizona State University,0,0,0,0,0,0,1,0,HOU
96,James Harden,2014-15,25.0,0.605,27.37037037037037,6.9753086419753085,0.9259259259259259,1.9012345679012346,0.7407407407407407,3.962962962962963,31.3,0.44,0.48,0.375,0.868,2217.0,2010,2018,G,198.12,220.0,"August 26, 1989",Arizona State University,0,0,0,0,0,0,1,0,HOU
97,James Harden,2015-16,26.0,0.598,28.975609756097562,7.463414634146342,0.7682926829268293,1.6951219512195121,0.6219512195121951,4.560975609756097,32.5,0.439,0.494,0.359,0.86,2376.0,2010,2018,G,198.12,220.0,"August 26, 1989",Arizona State University,0,0,0,0,0,0,1,0,HOU
98,James Harden,2016-17,27.0,0.613,29.08641975308642,11.185185185185185,1.1728395061728396,1.4814814814814814,0.4567901234567901,5.728395061728395,34.2,0.44,0.53,0.347,0.847,2356.0,2010,2018,G,198.12,220.0,"August 26, 1989",Arizona State University,0,0,1,0,0,0,0,0,HOU
99,James Harden,2017-18,28.0,0.619,30.430555555555557,8.75,0.5694444444444444,1.75,0.6944444444444444,4.375,36.1,0.449,0.531,0.367,0.858,2191.0,2010,2018,G,198.12,220.0,"August 26, 1989",Arizona State University,0,0,0,0,0,0,1,0,HOU
100,James Harden,2018-19,29.0,0.616,36.12820512820513,7.512820512820513,0.8461538461538461,2.0256410256410255,0.7435897435897436,4.961538461538462,40.5,0.442,0.528,0.368,0.879,2818.0,2010,2018,G,198.12,220.0,"August 26, 1989",Arizona State University,0,0,1,0,0,0,0,0,HOU
101,James Harden,2019-20,30.0,0.626,34.338235294117645,7.529411764705882,1.0294117647058822,1.838235294117647,0.8823529411764706,4.529411764705882,36.3,0.444,0.556,0.355,0.865,2335.0,2010,2018,G,198.12,220.0,"August 26, 1989",Arizona State University,0,0,0,0,0,0,1,0,HOU
102,Jason Kidd,1999-00,26.0,0.498,14.313432835820896,10.119402985074627,1.4328358208955223,2.0,0.417910447761194,3.373134328358209,20.0,0.409,0.427,0.337,0.829,959.0,1995,2013,G,195.072,205.0,"March 23, 1973",University of California,0,0,1,0,0,0,0,0,PHO
103,Jason Kidd,2000-01,27.0,0.51,16.87012987012987,9.779220779220779,1.1818181818181819,2.155844155844156,0.2987012987012987,3.7142857142857144,22.7,0.411,0.442,0.297,0.814,1299.0,1995,2013,G,195.072,205.0,"March 23, 1973",University of California,0,0,1,0,0,0,0,0,PHO
104,Jason Kidd,2001-02,28.0,0.484,14.731707317073171,9.853658536585366,1.5853658536585367,2.1341463414634148,0.24390243902439024,3.4878048780487805,22.5,0.391,0.424,0.321,0.814,1208.0,1995,2013,G,195.072,205.0,"March 23, 1973",University of California,0,0,1,0,0,0,0,0,NJN
105,Jason Kidd,2002-03,29.0,0.526,18.6875,8.8875,1.375,2.2375,0.3125,3.7,25.9,0.414,0.445,0.341,0.841,1495.0,1995,2013,G,195.072,205.0,"March 23, 1973",University of California,0,0,1,0,0,0,0,0,NJN
106,Jason Kidd,2003-04,30.0,0.485,15.462686567164178,9.223880597014926,1.2686567164179106,1.8208955223880596,0.208955223880597,3.1940298507462686,24.6,0.384,0.411,0.321,0.827,1036.0,1995,2013,G,195.072,205.0,"March 23, 1973",University of California,0,0,1,0,0,0,0,0,NJN
107,Jason Kidd,2004-05,31.0,0.506,14.409090909090908,8.257575757575758,1.4242424242424243,1.8636363636363635,0.13636363636363635,2.5303030303030303,21.3,0.398,0.425,0.36,0.74,951.0,1995,2013,G,195.072,205.0,"March 23, 1973",University of California,0,0,1,0,0,0,0,0,NJN
108,Jason Kidd,2005-06,32.0,0.526,13.3125,8.4,1.075,1.875,0.3625,2.4,19.1,0.404,0.445,0.352,0.795,1065.0,1995,2013,G,195.072,205.0,"March 23, 1973",University of California,0,0,1,0,0,0,0,0,NJN
109,Jason Kidd,2006-07,33.0,0.516,13.0125,9.2,1.6875,1.5875,0.2875,2.6625,19.4,0.406,0.448,0.343,0.778,1041.0,1995,2013,G,195.072,205.0,"March 23, 1973",University of California,0,0,1,0,0,0,0,0,NJN
112,Jason Kidd,2007-08,34.0,0.506,10.670092404778003,9.99479941401848,1.184544737435204,1.7629704755465403,0.33280933062880325,3.2485181428893397,17.633333333333333,0.39233333333333337,0.39066666666666666,0.3993333333333333,0.8176666666666667,576.0,1995,2013,G,195.072,205.0,"March 23, 1973",University of California,0,0,1,0,0,0,0,0,DAL
113,Jason Kidd,2008-09,35.0,0.55,9.024691358024691,8.666666666666666,1.0493827160493827,1.9753086419753085,0.48148148148148145,2.2839506172839505,13.5,0.416,0.427,0.406,0.819,731.0,1995,2013,G,195.072,205.0,"March 23, 1973",University of California,0,0,1,0,0,0,0,0,DAL
114,Jason Kidd,2009-10,36.0,0.577,10.3,9.05,0.6,1.8125,0.4375,2.4375,14.5,0.423,0.42,0.425,0.808,824.0,1995,2013,G,195.072,205.0,"March 23, 1973",University of California,0,0,1,0,0,0,0,0,DAL
115,Jason Kidd,2010-11,37.0,0.5,7.875,8.1875,0.4375,1.675,0.3625,2.2375,14.3,0.361,0.4,0.34,0.87,630.0,1995,2013,G,195.072,205.0,"March 23, 1973",University of California,0,0,1,0,0,0,0,0,DAL
116,Jason Kidd,2011-12,38.0,0.524,6.229166666666667,5.5,0.3125,1.7083333333333333,0.20833333333333334,1.8958333333333333,12.7,0.363,0.4,0.354,0.786,299.0,1995,2013,G,195.072,205.0,"March 23, 1973",University of California,0,0,1,0,0,0,0,0,DAL
117,Jason Kidd,2012-13,39.0,0.532,6.026315789473684,3.276315789473684,0.6578947368421053,1.644736842105263,0.32894736842105265,1.0,11.6,0.372,0.452,0.351,0.833,458.0,1995,2013,G,195.072,205.0,"March 23, 1973",University of California,0,0,0,0,0,0,1,0,NYK
118,Jimmy Butler,2011-12,22.0,0.526,2.5952380952380953,0.3333333333333333,0.5476190476190477,0.2619047619047619,0.11904761904761904,0.3333333333333333,14.9,0.405,0.441,0.182,0.768,109.0,2012,2018,F-G,207.264,236.0,"September 14, 1989",Marquette University,0,0,0,0,0,0,1,0,CHI
119,Jimmy Butler,2012-13,23.0,0.574,8.597560975609756,1.4024390243902438,1.6585365853658536,0.9512195121951219,0.3780487804878049,0.7560975609756098,14.6,0.467,0.489,0.381,0.803,705.0,2012,2018,F-G,207.264,236.0,"September 14, 1989",Marquette University,0,0,0,0,1,0,0,0,CHI
120,Jimmy Butler,2013-14,24.0,0.522,13.104477611940299,2.611940298507463,1.2985074626865671,1.8955223880597014,0.5373134328358209,1.5223880597014925,16.8,0.397,0.457,0.283,0.769,878.0,2012,2018,F-G,207.264,236.0,"September 14, 1989",Marquette University,0,0,0,0,0,0,1,0,CHI
121,Jimmy Butler,2014-15,25.0,0.583,20.015384615384615,3.2615384615384615,1.7538461538461538,1.7538461538461538,0.5538461538461539,1.4307692307692308,21.6,0.462,0.484,0.378,0.834,1301.0,2012,2018,F-G,207.264,236.0,"September 14, 1989",Marquette University,0,0,0,0,0,0,1,0,CHI
122,Jimmy Butler,2015-16,26.0,0.562,20.880597014925375,4.791044776119403,1.1791044776119404,1.6417910447761195,0.6417910447761194,1.9701492537313432,24.4,0.454,0.489,0.312,0.832,1399.0,2012,2018,F-G,207.264,236.0,"September 14, 1989",Marquette University,0,0,0,0,0,0,1,0,CHI
123,Jimmy Butler,2016-17,27.0,0.586,23.894736842105264,5.4868421052631575,1.6973684210526316,1.881578947368421,0.42105263157894735,2.0921052631578947,26.5,0.455,0.477,0.367,0.865,1816.0,2012,2018,F-G,207.264,236.0,"September 14, 1989",Marquette University,0,0,0,0,1,0,0,0,CHI
124,Jimmy Butler,2017-18,28.0,0.59,22.152542372881356,4.88135593220339,1.3389830508474576,1.9661016949152543,0.4067796610169492,1.8305084745762712,24.9,0.474,0.509,0.35,0.854,1307.0,2012,2018,F-G,207.264,236.0,"September 14, 1989",Marquette University,0,0,0,0,0,0,1,0,MIN
127,Jimmy Butler,2018-19,29.0,0.573,19.403496503496502,4.115384615384616,1.7902097902097902,2.0307692307692307,0.7090909090909091,1.4447552447552445,22.46666666666667,0.46466666666666673,0.498,0.35433333333333333,0.8366666666666666,810.0,2012,2018,F-G,207.264,236.0,"September 14, 1989",Marquette University,0,0,0,0,0,1,0,0,PHI
128,Jimmy Butler,2019-20,30.0,0.585,19.948275862068964,6.0344827586206895,1.8275862068965518,1.7758620689655173,0.5517241379310345,2.189655172413793,25.1,0.455,0.495,0.244,0.834,1157.0,2012,2018,F-G,207.264,236.0,"September 14, 1989",Marquette University,0,0,0,0,1,0,0,0,MIA
129,Kawhi Leonard,2011-12,20.0,0.573,7.921875,1.09375,1.625,1.328125,0.375,0.6875,14.5,0.493,0.536,0.376,0.773,507.0,2012,2018,F,204.216,230.0,"June 29, 1991",San Diego State University,0,0,0,0,1,0,0,0,SAS
130,Kawhi Leonard,2012-13,21.0,0.592,11.879310344827585,1.603448275862069,1.0862068965517242,1.6724137931034482,0.5517241379310345,1.0689655172413792,16.4,0.494,0.554,0.374,0.825,689.0,2012,2018,F,204.216,230.0,"June 29, 1991",San Diego State University,0,0,0,0,1,0,0,0,SAS
131,Kawhi Leonard,2013-14,22.0,0.602,12.787878787878787,2.015151515151515,1.1515151515151516,1.7272727272727273,0.7575757575757576,1.2121212121212122,18.3,0.522,0.579,0.379,0.802,844.0,2012,2018,F,204.216,230.0,"June 29, 1991",San Diego State University,0,0,0,0,1,0,0,0,SAS
132,Kawhi Leonard,2014-15,23.0,0.567,16.515625,2.515625,1.328125,2.3125,0.75,1.515625,23.0,0.479,0.519,0.349,0.802,1057.0,2012,2018,F,204.216,230.0,"June 29, 1991",San Diego State University,0,0,0,0,1,0,0,0,SAS
133,Kawhi Leonard,2015-16,24.0,0.616,21.15277777777778,2.5833333333333335,1.3194444444444444,1.7777777777777777,0.9861111111111112,1.4583333333333333,25.8,0.506,0.528,0.443,0.874,1523.0,2012,2018,F,204.216,230.0,"June 29, 1991",San Diego State University,0,0,0,0,1,0,0,0,SAS
134,Kawhi Leonard,2016-17,25.0,0.611,25.513513513513512,3.5135135135135136,1.0810810810810811,1.7837837837837838,0.7432432432432432,2.081081081081081,31.1,0.485,0.529,0.381,0.88,1888.0,2012,2018,F,204.216,230.0,"June 29, 1991",San Diego State University,0,0,0,0,1,0,0,0,SAS
135,Kawhi Leonard,2017-18,26.0,0.572,16.22222222222222,2.3333333333333335,0.6666666666666666,2.0,1.0,1.7777777777777777,30.6,0.468,0.539,0.314,0.816,146.0,2012,2018,F,204.216,230.0,"June 29, 1991",San Diego State University,0,0,0,0,1,0,0,0,SAS
136,Kawhi Leonard,2018-19,27.0,0.606,26.6,3.316666666666667,1.3,1.7666666666666666,0.4,2.0166666666666666,30.3,0.496,0.542,0.371,0.854,1596.0,2012,2018,F,204.216,230.0,"June 29, 1991",San Diego State University,0,0,0,0,1,0,0,0,TOR
137,Kawhi Leonard,2019-20,28.0,0.589,27.07017543859649,4.912280701754386,0.9473684210526315,1.8070175438596492,0.5789473684210527,2.6140350877192984,33.0,0.47,0.506,0.378,0.886,1543.0,2012,2018,F,204.216,230.0,"June 29, 1991",San Diego State University,0,0,0,0,1,0,0,0,LAC
138,Kevin Durant,2007-08,19.0,0.519,20.3,2.4,0.875,0.975,0.9375,2.9,28.1,0.43,0.455,0.288,0.873,1624.0,2008,2018,F-G,210.312,240.0,"September 29, 1988",University of Texas at Austin,0,0,0,0,0,0,1,0,SEA
139,Kevin Durant,2008-09,20.0,0.577,25.283783783783782,2.77027027027027,1.0405405405405406,1.2972972972972974,0.7162162162162162,3.0405405405405403,28.3,0.476,0.486,0.422,0.863,1871.0,2008,2018,F-G,210.312,240.0,"September 29, 1988",University of Texas at Austin,0,0,0,0,1,0,0,0,OKC
140,Kevin Durant,2009-10,21.0,0.607,30.146341463414632,2.817073170731707,1.2804878048780488,1.3658536585365855,1.024390243902439,3.3048780487804876,32.0,0.476,0.506,0.365,0.9,2472.0,2008,2018,F-G,210.312,240.0,"September 29, 1988",University of Texas at Austin,0,0,0,0,1,0,0,0,OKC
141,Kevin Durant,2010-11,22.0,0.589,27.705128205128204,2.7435897435897436,0.7307692307692307,1.1282051282051282,0.9743589743589743,2.7948717948717947,30.6,0.462,0.504,0.35,0.88,2161.0,2008,2018,F-G,210.312,240.0,"September 29, 1988",University of Texas at Austin,0,0,0,0,1,0,0,0,OKC
142,Kevin Durant,2011-12,23.0,0.61,28.03030303030303,3.5,0.6060606060606061,1.3333333333333333,1.1666666666666667,3.757575757575758,31.3,0.496,0.535,0.387,0.86,1850.0,2008,2018,F-G,210.312,240.0,"September 29, 1988",University of Texas at Austin,0,0,0,0,1,0,0,0,OKC
143,Kevin Durant,2012-13,24.0,0.647,28.14814814814815,4.617283950617284,0.5679012345679012,1.4320987654320987,1.2962962962962963,3.45679012345679,29.8,0.51,0.539,0.416,0.905,2280.0,2008,2018,F-G,210.312,240.0,"September 29, 1988",University of Texas at Austin,0,0,0,0,1,0,0,0,OKC
144,Kevin Durant,2013-14,25.0,0.635,32.01234567901235,5.493827160493828,0.7160493827160493,1.271604938271605,0.7283950617283951,3.5185185185185186,33.0,0.503,0.549,0.391,0.873,2593.0,2008,2018,F-G,210.312,240.0,"September 29, 1988",University of Texas at Austin,0,0,0,0,1,0,0,0,OKC
145,Kevin Durant,2014-15,26.0,0.633,25.40740740740741,4.074074074074074,0.5925925925925926,0.8888888888888888,0.9259259259259259,2.740740740740741,29.1,0.51,0.565,0.403,0.854,686.0,2008,2018,F-G,210.312,240.0,"September 29, 1988",University of Texas at Austin,0,0,0,0,1,0,0,0,OKC
146,Kevin Durant,2015-16,27.0,0.634,28.180555555555557,5.013888888888889,0.625,0.9583333333333334,1.1805555555555556,3.4722222222222223,30.6,0.505,0.569,0.387,0.898,2029.0,2008,2018,F-G,210.312,240.0,"September 29, 1988",University of Texas at Austin,0,0,0,0,1,0,0,0,OKC
147,Kevin Durant,2016-17,28.0,0.651,25.080645161290324,4.838709677419355,0.6290322580645161,1.064516129032258,1.596774193548387,2.225806451612903,27.8,0.537,0.608,0.375,0.875,1555.0,2008,2018,F-G,210.312,240.0,"September 29, 1988",University of Texas at Austin,0,0,0,0,1,0,0,0,GSW
148,Kevin Durant,2017-18,29.0,0.64,26.352941176470587,5.382352941176471,0.45588235294117646,0.7352941176470589,1.75,3.0441176470588234,30.4,0.516,0.565,0.419,0.889,1792.0,2008,2018,F-G,210.312,240.0,"September 29, 1988",University of Texas at Austin,0,0,0,0,1,0,0,0,GSW
149,Kevin Durant,2018-19,30.0,0.631,25.987179487179485,5.858974358974359,0.4230769230769231,0.7435897435897436,1.0769230769230769,2.8846153846153846,29.0,0.521,0.587,0.353,0.885,2027.0,2008,2018,F-G,210.312,240.0,"September 29, 1988",University of Texas at Austin,0,0,0,0,1,0,0,0,GSW
150,Kevin Garnett,1999-00,23.0,0.545,22.925925925925927,4.950617283950617,2.753086419753086,1.4814814814814814,1.5555555555555556,3.308641975308642,27.4,0.497,0.504,0.37,0.765,1857.0,1996,2016,F-C,186.23280000000003,240.0,"May 19, 1976",,0,1,0,0,0,0,0,0,MIN
151,Kevin Garnett,2000-01,24.0,0.531,22.02469135802469,4.950617283950617,2.7037037037037037,1.3703703703703705,1.7901234567901234,2.8395061728395063,27.0,0.477,0.486,0.288,0.764,1784.0,1996,2016,F-C,186.23280000000003,240.0,"May 19, 1976",,0,1,0,0,0,0,0,0,MIN
152,Kevin Garnett,2001-02,25.0,0.536,21.160493827160494,5.209876543209877,3.0,1.1851851851851851,1.5555555555555556,2.8271604938271606,26.0,0.47,0.484,0.319,0.801,1714.0,1996,2016,F-C,186.23280000000003,240.0,"May 19, 1976",,0,1,0,0,0,0,0,0,MIN
153,Kevin Garnett,2002-03,26.0,0.553,22.963414634146343,6.036585365853658,2.975609756097561,1.3780487804878048,1.5731707317073171,2.792682926829268,26.4,0.502,0.513,0.282,0.751,1883.0,1996,2016,F-C,186.23280000000003,240.0,"May 19, 1976",,0,1,0,0,0,0,0,0,MIN
154,Kevin Garnett,2003-04,27.0,0.547,24.23170731707317,4.987804878048781,2.9878048780487805,1.4634146341463414,2.1707317073170733,2.5853658536585367,29.6,0.499,0.506,0.256,0.791,1987.0,1996,2016,F-C,186.23280000000003,240.0,"May 19, 1976",,0,1,0,0,0,0,0,0,MIN
155,Kevin Garnett,2004-05,28.0,0.567,22.158536585365855,5.682926829268292,3.0121951219512195,1.475609756097561,1.3658536585365855,2.707317073170732,27.1,0.502,0.507,0.24,0.811,1817.0,1996,2016,F-C,186.23280000000003,240.0,"May 19, 1976",,0,1,0,0,0,0,0,0,MIN
156,Kevin Garnett,2005-06,29.0,0.589,21.789473684210527,4.052631578947368,2.8157894736842106,1.368421052631579,1.4078947368421053,2.3684210526315788,25.5,0.526,0.532,0.267,0.81,1656.0,1996,2016,F-C,186.23280000000003,240.0,"May 19, 1976",,0,1,0,0,0,0,0,0,MIN
157,Kevin Garnett,2006-07,30.0,0.546,22.42105263157895,4.118421052631579,2.4078947368421053,1.1710526315789473,1.6578947368421053,2.6973684210526314,27.4,0.476,0.487,0.214,0.835,1704.0,1996,2016,F-C,186.23280000000003,240.0,"May 19, 1976",,0,1,0,0,0,0,0,0,MIN
158,Kevin Garnett,2007-08,31.0,0.588,18.830985915492956,3.436619718309859,1.9014084507042253,1.408450704225352,1.2535211267605635,1.943661971830986,25.5,0.539,0.545,0.0,0.801,1337.0,1996,2016,F-C,186.23280000000003,240.0,"May 19, 1976",,0,1,0,0,0,0,0,0,BOS
159,Kevin Garnett,2008-09,32.0,0.563,15.771929824561404,2.526315789473684,1.368421052631579,1.105263157894737,1.1929824561403508,1.5789473684210527,23.4,0.531,0.534,0.25,0.841,899.0,1996,2016,F-C,186.23280000000003,240.0,"May 19, 1976",,0,1,0,0,0,0,0,0,BOS
160,Kevin Garnett,2009-10,33.0,0.569,14.347826086956522,2.681159420289855,1.1304347826086956,0.9855072463768116,0.8260869565217391,1.463768115942029,22.1,0.521,0.523,0.2,0.837,990.0,1996,2016,F-C,186.23280000000003,240.0,"May 19, 1976",,0,1,0,0,0,0,0,0,BOS
161,Kevin Garnett,2010-11,34.0,0.575,14.873239436619718,2.408450704225352,1.1690140845070423,1.3380281690140845,0.8028169014084507,1.619718309859155,22.3,0.528,0.53,0.2,0.862,1056.0,1996,2016,F-C,186.23280000000003,240.0,"May 19, 1976",,0,1,0,0,0,0,0,0,BOS
162,Kevin Garnett,2011-12,35.0,0.55,15.783333333333333,2.9166666666666665,1.1,0.9333333333333333,1.0166666666666666,1.7833333333333334,24.9,0.503,0.505,0.333,0.857,947.0,1996,2016,F-C,186.23280000000003,240.0,"May 19, 1976",,1,0,0,0,0,0,0,0,BOS
163,Kevin Garnett,2012-13,36.0,0.535,14.764705882352942,2.338235294117647,1.1029411764705883,1.1470588235294117,0.9117647058823529,1.6176470588235294,24.5,0.496,0.504,0.125,0.786,1004.0,1996,2016,F-C,186.23280000000003,240.0,"May 19, 1976",,1,0,0,0,0,0,0,0,BOS
164,Kevin Garnett,2013-14,37.0,0.467,6.518518518518518,1.5185185185185186,1.1111111111111112,0.7962962962962963,0.7407407407407407,1.2777777777777777,18.9,0.441,0.445,0.0,0.809,352.0,1996,2016,F-C,186.23280000000003,240.0,"May 19, 1976",,1,0,0,0,0,0,0,0,BRK
167,Kevin Garnett,2014-15,38.0,0.5206666666666666,7.086018237082066,1.6270516717325227,0.8388382303275921,0.9849712934819318,0.4904086457277947,0.7500506585612968,17.033333333333335,0.501,0.512,0.10333333333333333,0.7096666666666667,215.33333333333334,1996,2016,F-C,186.23280000000003,240.0,"May 19, 1976",,0,1,0,0,0,0,0,0,MIN
168,Kevin Garnett,2015-16,39.0,0.491,3.210526315789474,1.631578947368421,0.39473684210526316,0.7368421052631579,0.2631578947368421,0.42105263157894735,11.3,0.47,0.474,0.0,0.667,122.0,1996,2016,F-C,186.23280000000003,240.0,"May 19, 1976",,0,1,0,0,0,0,0,0,MIN
169,Kobe Bryant,1999-00,21.0,0.546,22.5,4.893939393939394,1.6363636363636365,1.606060606060606,0.9393939393939394,2.757575757575758,26.8,0.468,0.489,0.319,0.821,1485.0,1997,2016,G-F,201.16799999999998,212.0,"August 23, 1978",,0,0,0,0,0,0,1,0,LAL
170,Kobe Bryant,2000-01,22.0,0.552,28.5,4.970588235294118,1.5294117647058822,1.6764705882352942,0.6323529411764706,3.235294117647059,31.8,0.464,0.489,0.305,0.853,1938.0,1997,2016,G-F,201.16799999999998,212.0,"August 23, 1978",,0,0,0,0,0,0,1,0,LAL
171,Kobe Bryant,2001-02,23.0,0.544,25.2375,5.475,1.4,1.475,0.4375,2.7875,30.4,0.469,0.489,0.25,0.829,2019.0,1997,2016,G-F,201.16799999999998,212.0,"August 23, 1978",,0,0,0,0,0,0,1,0,LAL
172,Kobe Bryant,2002-03,24.0,0.55,30.01219512195122,5.865853658536586,1.2926829268292683,2.207317073170732,0.8170731707317073,3.5121951219512195,32.9,0.451,0.465,0.383,0.843,2461.0,1997,2016,G-F,201.16799999999998,212.0,"August 23, 1978",,0,0,0,0,0,0,1,0,LAL
173,Kobe Bryant,2003-04,25.0,0.551,23.953846153846154,5.076923076923077,1.5846153846153845,1.7230769230769232,0.4307692307692308,2.6307692307692307,29.1,0.438,0.463,0.327,0.852,1557.0,1997,2016,G-F,201.16799999999998,212.0,"August 23, 1978",,0,0,0,0,0,0,1,0,LAL
174,Kobe Bryant,2004-05,26.0,0.563,27.560606060606062,6.03030303030303,1.4393939393939394,1.303030303030303,0.803030303030303,4.090909090909091,31.7,0.433,0.472,0.339,0.816,1819.0,1997,2016,G-F,201.16799999999998,212.0,"August 23, 1978",,0,0,0,0,0,0,1,0,LAL
175,Kobe Bryant,2005-06,27.0,0.559,35.4,4.5,0.8875,1.8375,0.375,3.125,38.7,0.45,0.482,0.347,0.85,2832.0,1997,2016,G-F,201.16799999999998,212.0,"August 23, 1978",,0,0,0,0,0,0,1,0,LAL
176,Kobe Bryant,2006-07,28.0,0.58,31.558441558441558,5.363636363636363,0.974025974025974,1.4415584415584415,0.4675324675324675,3.311688311688312,33.6,0.463,0.497,0.344,0.868,2430.0,1997,2016,G-F,201.16799999999998,212.0,"August 23, 1978",,0,0,0,0,0,0,1,0,LAL
177,Kobe Bryant,2007-08,29.0,0.576,28.329268292682926,5.378048780487805,1.146341463414634,1.8414634146341464,0.4878048780487805,3.1341463414634148,31.4,0.459,0.49,0.361,0.84,2323.0,1997,2016,G-F,201.16799999999998,212.0,"August 23, 1978",,0,0,0,0,0,0,1,0,LAL
178,Kobe Bryant,2008-09,30.0,0.561,26.841463414634145,4.865853658536586,1.0975609756097562,1.4634146341463414,0.45121951219512196,2.5609756097560976,32.2,0.467,0.496,0.351,0.856,2201.0,1997,2016,G-F,201.16799999999998,212.0,"August 23, 1978",,0,0,0,0,0,0,1,0,LAL
179,Kobe Bryant,2009-10,31.0,0.545,26.986301369863014,5.0,1.0684931506849316,1.547945205479452,0.273972602739726,3.191780821917808,32.3,0.456,0.487,0.329,0.811,1970.0,1997,2016,G-F,201.16799999999998,212.0,"August 23, 1978",,0,0,0,0,0,0,1,0,LAL
180,Kobe Bryant,2010-11,32.0,0.548,25.341463414634145,4.7317073170731705,1.0121951219512195,1.2073170731707317,0.14634146341463414,2.9634146341463414,35.1,0.451,0.487,0.323,0.828,2078.0,1997,2016,G-F,201.16799999999998,212.0,"August 23, 1978",,0,0,0,0,0,0,1,0,LAL
181,Kobe Bryant,2011-12,33.0,0.527,27.862068965517242,4.551724137931035,1.1379310344827587,1.1896551724137931,0.3103448275862069,3.5172413793103448,35.7,0.43,0.464,0.303,0.845,1616.0,1997,2016,G-F,201.16799999999998,212.0,"August 23, 1978",,0,0,0,0,0,0,1,0,LAL
182,Kobe Bryant,2012-13,34.0,0.57,27.346153846153847,6.012820512820513,0.8461538461538461,1.358974358974359,0.32051282051282054,3.6794871794871793,31.9,0.463,0.51,0.324,0.839,2133.0,1997,2016,G-F,201.16799999999998,212.0,"August 23, 1978",,0,0,0,0,0,0,1,0,LAL
183,Kobe Bryant,2013-14,35.0,0.505,13.833333333333334,6.333333333333333,0.3333333333333333,1.1666666666666667,0.16666666666666666,5.666666666666667,28.7,0.425,0.491,0.188,0.857,83.0,1997,2016,G-F,201.16799999999998,212.0,"August 23, 1978",,0,0,0,0,0,0,1,0,LAL
184,Kobe Bryant,2014-15,36.0,0.477,22.34285714285714,5.628571428571429,0.7428571428571429,1.3428571428571427,0.2,3.657142857142857,34.9,0.373,0.401,0.293,0.813,782.0,1997,2016,G-F,201.16799999999998,212.0,"August 23, 1978",,0,0,0,0,0,0,1,0,LAL
185,Kobe Bryant,2015-16,37.0,0.469,17.59090909090909,2.787878787878788,0.6212121212121212,0.9393939393939394,0.19696969696969696,1.9545454545454546,32.2,0.358,0.41,0.285,0.826,1161.0,1997,2016,G-F,201.16799999999998,212.0,"August 23, 1978",,0,0,0,0,1,0,0,0,LAL
186,LeBron James,2003-04,19.0,0.488,20.936708860759495,5.886075949367089,1.2531645569620253,1.6455696202531647,0.7341772151898734,3.4556962025316458,28.2,0.417,0.438,0.29,0.754,1654.0,2004,2018,F-G,207.264,250.0,"December 30, 1984",,0,0,0,0,0,0,1,0,CLE
187,LeBron James,2004-05,20.0,0.554,27.1875,7.2125,1.3875,2.2125,0.65,3.275,29.7,0.472,0.499,0.351,0.75,2175.0,2004,2018,F-G,207.264,250.0,"December 30, 1984",,0,0,0,0,1,0,0,0,CLE
188,LeBron James,2005-06,21.0,0.568,31.367088607594937,6.594936708860759,0.9493670886075949,1.5569620253164558,0.8354430379746836,3.2911392405063293,33.6,0.48,0.518,0.335,0.738,2478.0,2004,2018,F-G,207.264,250.0,"December 30, 1984",,0,0,0,0,1,0,0,0,CLE
189,LeBron James,2006-07,22.0,0.552,27.333333333333332,6.0256410256410255,1.064102564102564,1.6025641025641026,0.7051282051282052,3.2051282051282053,31.0,0.476,0.513,0.319,0.698,2132.0,2004,2018,F-G,207.264,250.0,"December 30, 1984",,0,0,0,0,1,0,0,0,CLE
190,LeBron James,2007-08,23.0,0.568,30.0,7.1866666666666665,1.7733333333333334,1.84,1.08,3.4,33.5,0.484,0.531,0.315,0.712,2250.0,2004,2018,F-G,207.264,250.0,"December 30, 1984",,0,0,0,0,1,0,0,0,CLE
191,LeBron James,2008-09,24.0,0.591,28.444444444444443,7.246913580246914,1.308641975308642,1.691358024691358,1.1481481481481481,2.9753086419753085,33.8,0.489,0.535,0.344,0.78,2304.0,2004,2018,F-G,207.264,250.0,"December 30, 1984",,0,0,0,0,1,0,0,0,CLE
192,LeBron James,2009-10,25.0,0.604,29.710526315789473,8.56578947368421,0.9342105263157895,1.644736842105263,1.013157894736842,3.4342105263157894,33.5,0.503,0.56,0.333,0.767,2258.0,2004,2018,F-G,207.264,250.0,"December 30, 1984",,0,0,0,0,1,0,0,0,CLE
193,LeBron James,2010-11,26.0,0.594,26.72151898734177,7.012658227848101,1.0126582278481013,1.5696202531645569,0.6329113924050633,3.5949367088607596,31.5,0.51,0.552,0.33,0.759,2111.0,2004,2018,F-G,207.264,250.0,"December 30, 1984",,0,0,0,0,1,0,0,0,MIA
194,LeBron James,2011-12,27.0,0.605,27.14516129032258,6.241935483870968,1.5161290322580645,1.8548387096774193,0.8064516129032258,3.435483870967742,32.0,0.531,0.556,0.362,0.771,1683.0,2004,2018,F-G,207.264,250.0,"December 30, 1984",,0,0,0,0,1,0,0,0,MIA
195,LeBron James,2012-13,28.0,0.64,26.789473684210527,7.25,1.2763157894736843,1.6973684210526316,0.881578947368421,2.973684210526316,30.2,0.565,0.602,0.406,0.753,2036.0,2004,2018,F-G,207.264,250.0,"December 30, 1984",,0,1,0,0,0,0,0,0,MIA
196,LeBron James,2013-14,29.0,0.649,27.12987012987013,6.337662337662338,1.051948051948052,1.5714285714285714,0.33766233766233766,3.5064935064935066,31.0,0.567,0.622,0.379,0.75,2089.0,2004,2018,F-G,207.264,250.0,"December 30, 1984",,0,1,0,0,0,0,0,0,MIA
197,LeBron James,2014-15,30.0,0.577,25.26086956521739,7.405797101449275,0.7391304347826086,1.5797101449275361,0.7101449275362319,3.9420289855072466,32.3,0.488,0.536,0.354,0.71,1743.0,2004,2018,F-G,207.264,250.0,"December 30, 1984",,0,0,0,0,1,0,0,0,CLE
198,LeBron James,2015-16,31.0,0.588,25.263157894736842,6.7631578947368425,1.4605263157894737,1.368421052631579,0.6447368421052632,3.276315789473684,31.4,0.52,0.573,0.309,0.731,1920.0,2004,2018,F-G,207.264,250.0,"December 30, 1984",,0,0,0,0,1,0,0,0,CLE
199,LeBron James,2016-17,32.0,0.619,26.405405405405407,8.72972972972973,1.3108108108108107,1.2432432432432432,0.5945945945945946,4.094594594594595,30.0,0.548,0.611,0.363,0.674,1954.0,2004,2018,F-G,207.264,250.0,"December 30, 1984",,0,0,0,0,1,0,0,0,CLE
200,LeBron James,2017-18,33.0,0.621,27.451219512195124,9.109756097560975,1.1829268292682926,1.4146341463414633,0.8658536585365854,4.2317073170731705,31.6,0.542,0.603,0.367,0.731,2251.0,2004,2018,F-G,207.264,250.0,"December 30, 1984",,0,1,0,0,0,0,0,0,CLE
201,LeBron James,2018-19,34.0,0.588,27.363636363636363,8.254545454545454,1.0363636363636364,1.309090909090909,0.6,3.581818181818182,31.6,0.51,0.582,0.339,0.665,1505.0,2004,2018,F-G,207.264,250.0,"December 30, 1984",,0,0,0,0,1,0,0,0,LAL
202,LeBron James,2019-20,35.0,0.577,25.34328358208955,10.208955223880597,0.9850746268656716,1.164179104477612,0.5373134328358209,3.8955223880597014,31.5,0.493,0.564,0.348,0.693,1698.0,2004,2018,F-G,207.264,250.0,"December 30, 1984",,0,0,1,0,0,0,0,0,LAL
203,Paul Pierce,1999-00,22.0,0.55,19.54794520547945,3.0273972602739727,1.1369863013698631,2.0821917808219177,0.8493150684931506,2.4383561643835616,24.8,0.442,0.476,0.343,0.798,1427.0,1999,2017,F-G,204.216,235.0,"October 13, 1977",University of Kansas,0,0,0,0,1,0,0,0,BOS
204,Paul Pierce,2000-01,23.0,0.563,25.25609756097561,3.0853658536585367,1.146341463414634,1.6829268292682926,0.8414634146341463,3.1951219512195124,30.6,0.454,0.478,0.383,0.745,2071.0,1999,2017,F-G,204.216,235.0,"October 13, 1977",University of Kansas,0,0,0,0,1,0,0,0,BOS
205,Paul Pierce,2001-02,24.0,0.57,26.146341463414632,3.182926829268293,0.9878048780487805,1.8780487804878048,1.048780487804878,2.9390243902439024,29.3,0.442,0.461,0.404,0.809,2144.0,1999,2017,F-G,204.216,235.0,"October 13, 1977",University of Kansas,0,0,0,0,0,0,1,0,BOS
206,Paul Pierce,2002-03,25.0,0.532,25.924050632911392,4.417721518987341,1.3417721518987342,1.759493670886076,0.7848101265822784,3.6455696202531644,33.2,0.416,0.454,0.302,0.802,2048.0,1999,2017,F-G,204.216,235.0,"October 13, 1977",University of Kansas,0,0,0,0,0,0,1,0,BOS
207,Paul Pierce,2003-04,26.0,0.517,22.95,5.125,0.8625,1.6375,0.65,3.7875,30.5,0.402,0.438,0.299,0.819,1836.0,1999,2017,F-G,204.216,235.0,"October 13, 1977",University of Kansas,0,0,0,0,0,0,1,0,BOS
208,Paul Pierce,2004-05,27.0,0.583,21.573170731707318,4.2439024390243905,0.9512195121951219,1.6219512195121952,0.47560975609756095,2.8048780487804876,26.6,0.455,0.481,0.37,0.822,1769.0,1999,2017,F-G,204.216,235.0,"October 13, 1977",University of Kansas,0,0,0,0,1,0,0,0,BOS
209,Paul Pierce,2005-06,28.0,0.582,26.78481012658228,4.746835443037975,0.9746835443037974,1.3544303797468353,0.43037974683544306,3.4556962025316458,31.2,0.471,0.503,0.354,0.772,2116.0,1999,2017,F-G,204.216,235.0,"October 13, 1977",University of Kansas,0,0,0,0,1,0,0,0,BOS
210,Paul Pierce,2006-07,29.0,0.571,24.95744680851064,4.127659574468085,0.8297872340425532,1.0212765957446808,0.2765957446808511,3.234042553191489,30.7,0.439,0.463,0.389,0.796,1173.0,1999,2017,F-G,204.216,235.0,"October 13, 1977",University of Kansas,0,0,0,0,0,0,1,0,BOS
211,Paul Pierce,2007-08,30.0,0.599,19.625,4.5375,0.6625,1.2625,0.45,2.7625,24.8,0.464,0.499,0.392,0.843,1570.0,1999,2017,F-G,204.216,235.0,"October 13, 1977",University of Kansas,0,0,0,0,1,0,0,0,BOS
212,Paul Pierce,2008-09,31.0,0.582,20.469135802469136,3.6296296296296298,0.691358024691358,0.9876543209876543,0.3333333333333333,2.814814814814815,25.4,0.457,0.48,0.391,0.83,1658.0,1999,2017,F-G,204.216,235.0,"October 13, 1977",University of Kansas,0,0,0,0,1,0,0,0,BOS
213,Paul Pierce,2009-10,32.0,0.613,18.253521126760564,3.0704225352112675,0.5492957746478874,1.1830985915492958,0.43661971830985913,2.3380281690140845,23.8,0.472,0.497,0.414,0.852,1296.0,1999,2017,F-G,204.216,235.0,"October 13, 1977",University of Kansas,0,0,0,0,1,0,0,0,BOS
214,Paul Pierce,2010-11,33.0,0.62,18.8875,3.25,0.425,1.0,0.6375,2.1375,24.0,0.497,0.547,0.374,0.86,1511.0,1999,2017,F-G,204.216,235.0,"October 13, 1977",University of Kansas,0,0,0,0,1,0,0,0,BOS
215,Paul Pierce,2011-12,34.0,0.567,19.360655737704917,4.491803278688525,0.6065573770491803,1.1475409836065573,0.4262295081967213,2.8360655737704916,28.1,0.443,0.476,0.366,0.852,1181.0,1999,2017,F-G,204.216,235.0,"October 13, 1977",University of Kansas,0,0,0,0,1,0,0,0,BOS
216,Paul Pierce,2012-13,35.0,0.559,18.571428571428573,4.805194805194805,0.5844155844155844,1.0909090909090908,0.38961038961038963,2.779220779220779,27.4,0.436,0.466,0.38,0.787,1430.0,1999,2017,F-G,204.216,235.0,"October 13, 1977",University of Kansas,0,0,0,0,1,0,0,0,BOS
217,Paul Pierce,2013-14,36.0,0.595,13.466666666666667,2.3733333333333335,0.3466666666666667,1.1466666666666667,0.41333333333333333,2.04,22.4,0.451,0.507,0.373,0.826,1010.0,1999,2017,F-G,204.216,235.0,"October 13, 1977",University of Kansas,0,0,0,0,1,0,0,0,BRK
218,Paul Pierce,2014-15,37.0,0.58,11.89041095890411,1.9726027397260273,0.6164383561643836,0.6301369863013698,0.3287671232876712,1.2602739726027397,19.9,0.447,0.496,0.389,0.781,868.0,1999,2017,F-G,204.216,235.0,"October 13, 1977",University of Kansas,0,0,0,0,1,0,0,0,WAS
219,Paul Pierce,2015-16,38.0,0.489,6.132352941176471,1.0441176470588236,0.17647058823529413,0.4852941176470588,0.25,0.8529411764705882,17.8,0.363,0.445,0.31,0.818,417.0,1999,2017,F-G,204.216,235.0,"October 13, 1977",University of Kansas,0,0,0,0,1,0,0,0,LAC
220,Paul Pierce,2016-17,39.0,0.535,3.24,0.4,0.04,0.16,0.2,0.64,14.8,0.4,0.481,0.349,0.769,81.0,1999,2017,F-G,204.216,235.0,"October 13, 1977",University of Kansas,0,0,0,0,1,0,0,0,LAC
221,Russell Westbrook,2008-09,20.0,0.489,15.317073170731707,5.304878048780488,2.1707317073170733,1.3414634146341464,0.1951219512195122,3.341463414634146,25.8,0.398,0.415,0.271,0.815,1256.0,2009,2018,G,192.024,200.0,"November 12, 1988","University of California, Los Angeles",0,0,1,0,0,0,0,0,OKC
222,Russell Westbrook,2009-10,21.0,0.491,16.121951219512194,7.951219512195122,1.7439024390243902,1.3170731707317074,0.4146341463414634,3.268292682926829,25.7,0.418,0.438,0.221,0.78,1322.0,2009,2018,G,192.024,200.0,"November 12, 1988","University of California, Los Angeles",0,0,1,0,0,0,0,0,OKC
223,Russell Westbrook,2010-11,22.0,0.538,21.865853658536587,8.170731707317072,1.475609756097561,1.8902439024390243,0.36585365853658536,3.8536585365853657,31.6,0.442,0.451,0.33,0.842,1793.0,2009,2018,G,192.024,200.0,"November 12, 1988","University of California, Los Angeles",0,0,1,0,0,0,0,0,OKC
224,Russell Westbrook,2011-12,23.0,0.538,23.606060606060606,5.484848484848484,1.4545454545454546,1.696969696969697,0.3181818181818182,3.621212121212121,32.7,0.457,0.482,0.316,0.823,1558.0,2009,2018,G,192.024,200.0,"November 12, 1988","University of California, Los Angeles",0,0,1,0,0,0,0,0,OKC
225,Russell Westbrook,2012-13,24.0,0.532,23.20731707317073,7.402439024390244,1.353658536585366,1.7682926829268293,0.2926829268292683,3.3292682926829267,32.8,0.438,0.466,0.323,0.8,1903.0,2009,2018,G,192.024,200.0,"November 12, 1988","University of California, Los Angeles",0,0,1,0,0,0,0,0,OKC
226,Russell Westbrook,2013-14,25.0,0.545,21.782608695652176,6.934782608695652,1.1956521739130435,1.9130434782608696,0.15217391304347827,3.847826086956522,34.4,0.437,0.482,0.318,0.826,1002.0,2009,2018,G,192.024,200.0,"November 12, 1988","University of California, Los Angeles",0,0,1,0,0,0,0,0,OKC
227,Russell Westbrook,2014-15,26.0,0.536,28.149253731343283,8.567164179104477,1.8507462686567164,2.08955223880597,0.208955223880597,4.373134328358209,38.4,0.426,0.457,0.299,0.835,1886.0,2009,2018,G,192.024,200.0,"November 12, 1988","University of California, Los Angeles",0,0,1,0,0,0,0,0,OKC
228,Russell Westbrook,2015-16,27.0,0.554,23.475,10.425,1.8125,2.0375,0.25,4.275,31.6,0.454,0.503,0.296,0.812,1878.0,2009,2018,G,192.024,200.0,"November 12, 1988","University of California, Los Angeles",0,0,1,0,0,0,0,0,OKC
229,Russell Westbrook,2016-17,28.0,0.554,31.580246913580247,10.37037037037037,1.691358024691358,1.6419753086419753,0.38271604938271603,5.407407407407407,41.7,0.425,0.459,0.343,0.845,2558.0,2009,2018,G,192.024,200.0,"November 12, 1988","University of California, Los Angeles",0,0,1,0,0,0,0,0,OKC
230,Russell Westbrook,2017-18,29.0,0.524,25.35,10.25,1.9,1.8375,0.25,4.7625,34.1,0.449,0.485,0.298,0.737,2028.0,2009,2018,G,192.024,200.0,"November 12, 1988","University of California, Los Angeles",0,0,1,0,0,0,0,0,OKC
231,Russell Westbrook,2018-19,30.0,0.501,22.945205479452056,10.73972602739726,1.4931506849315068,1.9452054794520548,0.4520547945205479,4.4520547945205475,30.9,0.428,0.481,0.29,0.656,1675.0,2009,2018,G,192.024,200.0,"November 12, 1988","University of California, Los Angeles",0,0,1,0,0,0,0,0,OKC
232,Russell Westbrook,2019-20,31.0,0.536,27.24561403508772,7.035087719298246,1.7543859649122806,1.631578947368421,0.3508771929824561,4.473684210526316,34.4,0.472,0.514,0.258,0.763,1553.0,2009,2018,G,192.024,200.0,"November 12, 1988","University of California, Los Angeles",0,0,1,0,0,0,0,0,HOU
233,Shaquille O'Neal,1999-00,27.0,0.578,29.670886075949365,3.7848101265822787,4.253164556962025,0.45569620253164556,3.0253164556962027,2.8227848101265822,31.2,0.574,0.575,0.0,0.524,2344.0,1993,2011,C,216.408,325.0,"March 6, 1972",Louisiana State University,1,0,0,0,0,0,0,0,LAL
234,Shaquille O'Neal,2000-01,28.0,0.574,28.716216216216218,3.7432432432432434,3.9324324324324325,0.6351351351351351,2.7567567567567566,2.945945945945946,31.6,0.572,0.573,0.0,0.513,2125.0,1993,2011,C,216.408,325.0,"March 6, 1972",Louisiana State University,1,0,0,0,0,0,0,0,LAL
235,Shaquille O'Neal,2001-02,29.0,0.59,27.19402985074627,2.985074626865672,3.5074626865671643,0.6119402985074627,2.044776119402985,2.5522388059701493,31.8,0.579,0.58,0.0,0.555,1822.0,1993,2011,C,216.408,325.0,"March 6, 1972",Louisiana State University,1,0,0,0,0,0,0,0,LAL
236,Shaquille O'Neal,2002-03,30.0,0.602,27.47761194029851,3.074626865671642,3.8656716417910446,0.5671641791044776,2.373134328358209,2.925373134328358,30.2,0.574,0.574,,0.622,1841.0,1993,2011,C,216.408,325.0,"March 6, 1972",Louisiana State University,1,0,0,0,0,0,0,0,LAL
237,Shaquille O'Neal,2003-04,31.0,0.578,21.47761194029851,2.925373134328358,3.671641791044776,0.5074626865671642,2.4776119402985075,2.91044776119403,26.3,0.584,0.584,,0.49,1439.0,1993,2011,C,216.408,325.0,"March 6, 1972",Louisiana State University,1,0,0,0,0,0,0,0,LAL
238,Shaquille O'Neal,2004-05,32.0,0.583,22.863013698630137,2.73972602739726,3.4657534246575343,0.4931506849315068,2.3424657534246576,2.780821917808219,30.5,0.601,0.601,,0.461,1669.0,1993,2011,C,216.408,325.0,"March 6, 1972",Louisiana State University,1,0,0,0,0,0,0,0,MIA
239,Shaquille O'Neal,2005-06,33.0,0.586,20.016949152542374,1.9152542372881356,2.9152542372881354,0.3898305084745763,1.7627118644067796,2.847457627118644,30.0,0.6,0.6,,0.469,1181.0,1993,2011,C,216.408,325.0,"March 6, 1972",Louisiana State University,1,0,0,0,0,0,0,0,MIA
240,Shaquille O'Neal,2006-07,34.0,0.567,17.25,1.975,2.425,0.2,1.375,2.375,29.4,0.591,0.591,,0.422,690.0,1993,2011,C,216.408,325.0,"March 6, 1972",Louisiana State University,1,0,0,0,0,0,0,0,MIA
243,Shaquille O'Neal,2007-08,35.0,0.5903333333333333,13.60344664443025,1.5341707472855013,2.7047228727556596,0.5215444846592389,1.431090767156341,2.9670652662455943,23.366666666666664,0.595,0.595,,0.5033333333333333,554.6666666666666,1993,2011,C,216.408,325.0,"March 6, 1972",Louisiana State University,1,0,0,0,0,0,0,0,PHO
244,Shaquille O'Neal,2008-09,36.0,0.623,17.773333333333333,1.68,2.493333333333333,0.6533333333333333,1.44,2.24,24.2,0.609,0.61,0.0,0.595,1333.0,1993,2011,C,216.408,325.0,"March 6, 1972",Louisiana State University,1,0,0,0,0,0,0,0,PHO
245,Shaquille O'Neal,2009-10,37.0,0.565,12.0,1.509433962264151,1.7547169811320755,0.2830188679245283,1.169811320754717,1.9811320754716981,25.1,0.566,0.567,0.0,0.496,636.0,1993,2011,C,216.408,325.0,"March 6, 1972",Louisiana State University,1,0,0,0,0,0,0,0,CLE
246,Shaquille O'Neal,2010-11,38.0,0.659,9.216216216216216,0.7027027027027027,1.2972972972972974,0.43243243243243246,1.135135135135135,1.5135135135135136,20.1,0.667,0.667,,0.557,341.0,1993,2011,C,216.408,325.0,"March 6, 1972",Louisiana State University,1,0,0,0,0,0,0,0,BOS
247,Stephen Curry,2009-10,21.0,0.568,17.4875,5.9,0.6,1.9,0.2375,3.0375,21.8,0.462,0.474,0.437,0.885,1399.0,2010,2018,G,192.024,190.0,"March 14, 1988",Davidson College,0,0,1,0,0,0,0,0,GSW
248,Stephen Curry,2010-11,22.0,0.595,18.554054054054053,5.837837837837838,0.7027027027027027,1.472972972972973,0.2702702702702703,3.054054054054054,24.4,0.48,0.498,0.442,0.934,1373.0,2010,2018,G,192.024,190.0,"March 14, 1988",Davidson College,0,0,1,0,0,0,0,0,GSW
249,Stephen Curry,2011-12,23.0,0.605,14.73076923076923,5.3076923076923075,0.5769230769230769,1.5,0.3076923076923077,2.5,24.0,0.49,0.514,0.455,0.809,383.0,2010,2018,G,192.024,190.0,"March 14, 1988",Davidson College,0,0,1,0,0,0,0,0,GSW
250,Stephen Curry,2012-13,24.0,0.589,22.897435897435898,6.910256410256411,0.7564102564102564,1.6153846153846154,0.15384615384615385,3.076923076923077,26.4,0.451,0.449,0.453,0.9,1786.0,2010,2018,G,192.024,190.0,"March 14, 1988",Davidson College,0,0,1,0,0,0,0,0,GSW
251,Stephen Curry,2013-14,25.0,0.61,24.012820512820515,8.538461538461538,0.5897435897435898,1.641025641025641,0.1794871794871795,3.769230769230769,28.3,0.471,0.509,0.424,0.885,1873.0,2010,2018,G,192.024,190.0,"March 14, 1988",Davidson College,0,0,1,0,0,0,0,0,GSW
252,Stephen Curry,2014-15,26.0,0.638,23.75,7.7375,0.7,2.0375,0.2,3.1125,28.9,0.487,0.528,0.443,0.914,1900.0,2010,2018,G,192.024,190.0,"March 14, 1988",Davidson College,0,0,1,0,0,0,0,0,GSW
253,Stephen Curry,2015-16,27.0,0.669,30.063291139240505,6.670886075949367,0.8607594936708861,2.1392405063291138,0.189873417721519,3.3164556962025316,32.6,0.504,0.566,0.454,0.908,2375.0,2010,2018,G,192.024,190.0,"March 14, 1988",Davidson College,0,0,1,0,0,0,0,0,GSW
254,Stephen Curry,2016-17,28.0,0.624,25.303797468354432,6.620253164556962,0.7721518987341772,1.8101265822784811,0.21518987341772153,3.0253164556962027,30.1,0.468,0.537,0.411,0.898,1999.0,2010,2018,G,192.024,190.0,"March 14, 1988",Davidson College,0,0,1,0,0,0,0,0,GSW
255,Stephen Curry,2017-18,29.0,0.675,26.392156862745097,6.078431372549019,0.7058823529411765,1.5686274509803921,0.1568627450980392,3.0,31.0,0.495,0.595,0.423,0.921,1346.0,2010,2018,G,192.024,190.0,"March 14, 1988",Davidson College,0,0,1,0,0,0,0,0,GSW
256,Stephen Curry,2018-19,30.0,0.641,27.26086956521739,5.231884057971015,0.6521739130434783,1.3333333333333333,0.36231884057971014,2.782608695652174,30.4,0.472,0.525,0.437,0.916,1881.0,2010,2018,G,192.024,190.0,"March 14, 1988",Davidson College,0,0,1,0,0,0,0,0,GSW
257,Stephen Curry,2019-20,31.0,0.557,20.8,6.6,0.8,1.0,0.4,3.2,33.6,0.402,0.636,0.245,1.0,104.0,2010,2018,G,192.024,190.0,"March 14, 1988",Davidson College,0,0,1,0,0,0,0,0,GSW
258,Steve Nash,1999-00,25.0,0.601,8.589285714285714,4.857142857142857,0.6071428571428571,0.6607142857142857,0.05357142857142857,1.8214285714285714,14.5,0.477,0.528,0.403,0.882,481.0,1997,2014,G,192.024,195.0,"February 7, 1974",Santa Clara University,0,0,1,0,0,0,0,0,DAL
259,Steve Nash,2000-01,26.0,0.603,15.6,7.271428571428571,0.6571428571428571,1.0285714285714285,0.07142857142857142,2.9285714285714284,21.1,0.487,0.518,0.406,0.895,1092.0,1997,2014,G,192.024,195.0,"February 7, 1974",Santa Clara University,0,0,1,0,0,0,0,0,DAL
260,Steve Nash,2001-02,27.0,0.602,17.878048780487806,7.7317073170731705,0.6097560975609756,0.6463414634146342,0.04878048780487805,2.792682926829268,23.0,0.483,0.495,0.455,0.887,1466.0,1997,2014,G,192.024,195.0,"February 7, 1974",Santa Clara University,0,0,1,0,0,0,0,0,DAL
261,Steve Nash,2002-03,28.0,0.576,17.74390243902439,7.2926829268292686,0.7682926829268293,1.0365853658536586,0.07317073170731707,2.341463414634146,24.4,0.465,0.482,0.413,0.909,1455.0,1997,2014,G,192.024,195.0,"February 7, 1974",Santa Clara University,0,0,1,0,0,0,0,0,DAL
262,Steve Nash,2003-04,29.0,0.59,14.461538461538462,8.807692307692308,0.7564102564102564,0.8589743589743589,0.10256410256410256,2.6794871794871793,19.5,0.47,0.498,0.405,0.916,1128.0,1997,2014,G,192.024,195.0,"February 7, 1974",Santa Clara University,0,0,1,0,0,0,0,0,DAL
263,Steve Nash,2004-05,30.0,0.606,15.533333333333333,11.48,0.76,0.9866666666666667,0.08,3.2666666666666666,20.5,0.502,0.526,0.431,0.887,1165.0,1997,2014,G,192.024,195.0,"February 7, 1974",Santa Clara University,0,0,1,0,0,0,0,0,PHO
264,Steve Nash,2005-06,31.0,0.632,18.848101265822784,10.455696202531646,0.5949367088607594,0.7721518987341772,0.1518987341772152,3.4936708860759493,23.3,0.512,0.548,0.439,0.921,1489.0,1997,2014,G,192.024,195.0,"February 7, 1974",Santa Clara University,0,0,1,0,0,0,0,0,PHO
265,Steve Nash,2006-07,32.0,0.654,18.57894736842105,11.631578947368421,0.39473684210526316,0.75,0.07894736842105263,3.776315789473684,22.9,0.532,0.575,0.455,0.899,1412.0,1997,2014,G,192.024,195.0,"February 7, 1974",Santa Clara University,0,0,1,0,0,0,0,0,PHO
266,Steve Nash,2007-08,33.0,0.641,16.925925925925927,11.08641975308642,0.345679012345679,0.654320987654321,0.06172839506172839,3.6419753086419755,22.0,0.504,0.527,0.47,0.906,1371.0,1997,2014,G,192.024,195.0,"February 7, 1974",Santa Clara University,0,0,1,0,0,0,0,0,PHO
267,Steve Nash,2008-09,34.0,0.615,15.675675675675675,9.68918918918919,0.25675675675675674,0.7432432432432432,0.13513513513513514,3.3513513513513513,21.1,0.503,0.529,0.439,0.933,1160.0,1997,2014,G,192.024,195.0,"February 7, 1974",Santa Clara University,0,0,1,0,0,0,0,0,PHO
268,Steve Nash,2009-10,35.0,0.615,16.45679012345679,11.012345679012345,0.41975308641975306,0.5185185185185185,0.14814814814814814,3.6419753086419755,22.9,0.507,0.54,0.426,0.938,1333.0,1997,2014,G,192.024,195.0,"February 7, 1974",Santa Clara University,0,0,1,0,0,0,0,0,PHO
269,Steve Nash,2010-11,36.0,0.601,14.746666666666666,11.4,0.5333333333333333,0.64,0.05333333333333334,3.533333333333333,21.4,0.492,0.525,0.395,0.912,1106.0,1997,2014,G,192.024,195.0,"February 7, 1974",Santa Clara University,0,0,1,0,0,0,0,0,PHO
270,Steve Nash,2011-12,37.0,0.625,12.451612903225806,10.709677419354838,0.41935483870967744,0.6129032258064516,0.12903225806451613,3.693548387096774,19.6,0.532,0.58,0.39,0.894,772.0,1997,2014,G,192.024,195.0,"February 7, 1974",Santa Clara University,0,0,1,0,0,0,0,0,PHO
271,Steve Nash,2012-13,38.0,0.605,12.72,6.66,0.52,0.6,0.1,2.52,17.8,0.497,0.519,0.438,0.922,636.0,1997,2014,G,192.024,195.0,"February 7, 1974",Santa Clara University,0,0,1,0,0,0,0,0,LAL
272,Steve Nash,2013-14,39.0,0.488,6.8,5.733333333333333,0.26666666666666666,0.4666666666666667,0.13333333333333333,2.066666666666667,18.9,0.383,0.4,0.333,0.917,102.0,1997,2014,G,192.024,195.0,"February 7, 1974",Santa Clara University,0,0,1,0,0,0,0,0,LAL
273,Tim Duncan,1999-00,23.0,0.555,23.18918918918919,3.1621621621621623,3.5405405405405403,0.8918918918918919,2.22972972972973,3.27027027027027,28.7,0.49,0.494,0.091,0.761,1716.0,1998,2016,F-C,186.23280000000003,250.0,"April 25, 1976",Wake Forest University,0,1,0,0,0,0,0,0,SAS
274,Tim Duncan,2000-01,24.0,0.536,22.195121951219512,2.9878048780487805,3.158536585365854,0.8536585365853658,2.341463414634146,2.951219512195122,28.7,0.499,0.504,0.259,0.618,1820.0,1998,2016,F-C,186.23280000000003,250.0,"April 25, 1976",Wake Forest University,0,1,0,0,0,0,0,0,SAS
275,Tim Duncan,2001-02,25.0,0.576,25.475609756097562,3.7439024390243905,3.268292682926829,0.7439024390243902,2.475609756097561,3.207317073170732,29.0,0.508,0.511,0.1,0.799,2089.0,1998,2016,F-C,186.23280000000003,250.0,"April 25, 1976",Wake Forest University,0,1,0,0,0,0,0,0,SAS
276,Tim Duncan,2002-03,26.0,0.564,23.25925925925926,3.9012345679012346,3.197530864197531,0.6790123456790124,2.925925925925926,3.0617283950617282,28.0,0.513,0.517,0.273,0.71,1884.0,1998,2016,F-C,186.23280000000003,250.0,"April 25, 1976",Wake Forest University,0,1,0,0,0,0,0,0,SAS
277,Tim Duncan,2003-04,27.0,0.534,22.28985507246377,3.0869565217391304,3.289855072463768,0.8985507246376812,2.681159420289855,2.652173913043478,29.7,0.501,0.505,0.167,0.599,1538.0,1998,2016,F-C,186.23280000000003,250.0,"April 25, 1976",Wake Forest University,0,1,0,0,0,0,0,0,SAS
278,Tim Duncan,2004-05,28.0,0.54,20.333333333333332,2.712121212121212,3.0606060606060606,0.6818181818181818,2.6363636363636362,1.9242424242424243,28.9,0.496,0.498,0.333,0.67,1342.0,1998,2016,F-C,186.23280000000003,250.0,"April 25, 1976",Wake Forest University,0,1,0,0,0,0,0,0,SAS
279,Tim Duncan,2005-06,29.0,0.523,18.5625,3.1625,2.8875,0.875,2.025,2.475,27.7,0.484,0.485,0.4,0.629,1485.0,1998,2016,F-C,186.23280000000003,250.0,"April 25, 1976",Wake Forest University,0,1,0,0,0,0,0,0,SAS
280,Tim Duncan,2006-07,30.0,0.579,19.9875,3.4125,2.6625,0.825,2.375,2.8,27.9,0.546,0.55,0.111,0.637,1599.0,1998,2016,F-C,186.23280000000003,250.0,"April 25, 1976",Wake Forest University,1,0,0,0,0,0,0,0,SAS
281,Tim Duncan,2007-08,31.0,0.546,19.333333333333332,2.7948717948717947,3.0384615384615383,0.717948717948718,1.9487179487179487,2.282051282051282,28.2,0.497,0.498,0.0,0.73,1508.0,1998,2016,F-C,186.23280000000003,250.0,"April 25, 1976",Wake Forest University,1,0,0,0,0,0,0,0,SAS
282,Tim Duncan,2008-09,32.0,0.549,19.333333333333332,3.52,2.68,0.5066666666666667,1.68,2.2,28.5,0.504,0.505,0.0,0.692,1450.0,1998,2016,F-C,186.23280000000003,250.0,"April 25, 1976",Wake Forest University,1,0,0,0,0,0,0,0,SAS
283,Tim Duncan,2009-10,33.0,0.56,17.884615384615383,3.1538461538461537,2.8333333333333335,0.5769230769230769,1.5,1.794871794871795,26.0,0.518,0.522,0.182,0.725,1395.0,1998,2016,F-C,186.23280000000003,250.0,"April 25, 1976",Wake Forest University,1,0,0,0,0,0,0,0,SAS
284,Tim Duncan,2010-11,34.0,0.537,13.447368421052632,2.6710526315789473,2.223684210526316,0.6578947368421053,1.9210526315789473,1.605263157894737,22.9,0.5,0.502,0.0,0.716,1022.0,1998,2016,F-C,186.23280000000003,250.0,"April 25, 1976",Wake Forest University,1,0,0,0,0,0,0,0,SAS
285,Tim Duncan,2011-12,35.0,0.531,15.431034482758621,2.2758620689655173,1.896551724137931,0.6551724137931034,1.5172413793103448,1.6724137931034482,26.2,0.492,0.495,0.0,0.695,895.0,1998,2016,F-C,186.23280000000003,250.0,"April 25, 1976",Wake Forest University,1,0,0,0,0,0,0,0,SAS
286,Tim Duncan,2012-13,36.0,0.554,17.782608695652176,2.6666666666666665,1.7971014492753623,0.7246376811594203,2.652173913043478,2.130434782608696,27.8,0.502,0.504,0.286,0.817,1227.0,1998,2016,F-C,186.23280000000003,250.0,"April 25, 1976",Wake Forest University,1,0,0,0,0,0,0,0,SAS
287,Tim Duncan,2013-14,37.0,0.535,15.121621621621621,2.972972972972973,2.135135135135135,0.581081081081081,1.8783783783783783,2.1486486486486487,25.2,0.49,0.493,0.0,0.731,1119.0,1998,2016,F-C,186.23280000000003,250.0,"April 25, 1976",Wake Forest University,1,0,0,0,0,0,0,0,SAS
288,Tim Duncan,2014-15,38.0,0.56,13.896103896103897,2.987012987012987,2.207792207792208,0.8181818181818182,1.9610389610389611,1.7012987012987013,22.2,0.512,0.514,0.286,0.74,1070.0,1998,2016,F-C,186.23280000000003,250.0,"April 25, 1976",Wake Forest University,1,0,0,0,0,0,0,0,SAS
289,Tim Duncan,2015-16,39.0,0.523,8.557377049180328,2.6721311475409837,1.8852459016393444,0.7704918032786885,1.278688524590164,1.4754098360655739,17.6,0.488,0.49,0.0,0.702,522.0,1998,2016,F-C,186.23280000000003,250.0,"April 25, 1976",Wake Forest University,1,0,0,0,0,0,0,0,SAS
